2022-02-25 18:39:06.619333,TheEnemiesPE3,1424398738815025156,10596,False,1206660807691526146
2022-02-25 18:40:15.631034,TheEnemiesPE3,1424398738815025156,10596,False,1206660807691526146
2022-02-25 18:40:21.875909,kaylarossi_,1418747337703411718,29472,False,1206660807691526146
2022-02-25 18:40:28.101997,Meowmeowbutt82,1400655042533855236,1679,False,1206660807691526146
2022-02-25 18:40:34.344031,role_martyr_x,1392922055843229710,253,False,1206660807691526146
2022-02-25 18:40:40.563666,lola_bluu,1383917402056892420,4703,False,1206660807691526146
2022-02-25 18:40:46.828550,YUKES_AEW,1328918338991394817,9538,True,1206660807691526146
2022-02-25 18:40:53.053591,Jade_Cargill,1316145832492781568,110203,True,1206660807691526146
2022-02-25 18:40:59.336718,GrapsodyPod,1303787407322607618,2145,False,1206660807691526146
2022-02-25 18:41:05.557790,WrestlingFan84,1281720029852192768,4350,False,1206660807691526146
2022-02-25 18:41:11.785209,RacheChanel,1279807685052039169,3480,False,1206660807691526146
2022-02-25 18:41:18.006034,BWMdsm,1274556961477058561,3455,False,1206660807691526146
2022-02-25 18:41:24.228631,Thee_Red_Velvet,1272878343881359360,38404,True,1206660807691526146
2022-02-25 18:41:30.467453,KTR_Podcast,1267979214243971073,2628,False,1206660807691526146
2022-02-25 18:41:36.667452,AEWGames,1261083357800259585,72948,True,1206660807691526146
2022-02-25 18:41:42.901223,AEW_Heels,1261016959724007426,10007,True,1206660807691526146
2022-02-25 18:41:49.137737,wandasfilmz,1260295143850156032,336,False,1206660807691526146
2022-02-25 18:41:55.361209,junkyard_blog,1254553257453801472,323,False,1206660807691526146
2022-02-25 18:42:01.606211,KimisaCecil1,1246858792052105222,533,False,1206660807691526146
2022-02-25 18:42:07.839188,adfreeshows,1243492625342181376,8837,False,1206660807691526146
2022-02-25 18:42:14.059400,gatweetssss,1240110610928541702,3609,False,1206660807691526146
2022-02-25 18:42:20.307018,KelseyRaegan,1216780516734705666,3559,False,1206660807691526146
2022-02-25 18:42:26.528045,KillLutherKill,1215645419222388736,17868,True,1206660807691526146
2022-02-25 18:42:32.737458,mmstalvey,1209190675402629120,2217,False,1206660807691526146
2022-02-25 18:42:38.949329,TheJuliaHart,1206235194287636481,35223,True,1206660807691526146
2022-02-25 18:42:45.152912,CultureCastPod_,1204572570173034496,301,False,1206660807691526146
2022-02-25 18:42:51.367988,KenziePaige_1,1202443330531008513,13621,False,1206660807691526146
2022-02-25 18:42:57.604483,PrinceMarcus_27,1199026394858172417,4110,False,1206660807691526146
2022-02-25 18:43:03.885491,JoinDarkOrder,1197380564367691778,5404,False,1206660807691526146
2022-02-25 18:43:10.129954,Madi_Wrenkowski,1193737776824492032,10804,False,1206660807691526146
2022-02-25 18:43:16.377760,pro_brittany,1191814937976475648,590,False,1206660807691526146
2022-02-25 18:43:22.681526,alleliteglam,1191030580999311365,409,False,1206660807691526146
2022-02-25 18:43:28.922596,KhaliaChronicle,1188892402834165762,1502,False,1206660807691526146
2022-02-25 18:43:35.147369,TheSadiegibbs,1180626147006124032,6351,True,1206660807691526146
2022-02-25 18:43:41.410238,AEWDark,1166533667805704194,25071,True,1206660807691526146
2022-02-25 18:43:47.665423,B_Lee253,1164881169130774528,432,False,1206660807691526146
2022-02-25 18:43:53.906962,down4thecount19,1164235382541737989,568,False,1206660807691526146
2022-02-25 18:44:00.158307,WrestlingCal,1162173169177808896,1637,False,1206660807691526146
2022-02-25 18:44:06.365883,materialfazbear,1159622363513851909,744,False,1206660807691526146
2022-02-25 18:44:12.627766,PAWD_WC,1157183080203005952,2842,False,1206660807691526146
2022-02-25 18:44:18.904402,AllieAinsling,1154066506961100800,2080,False,1206660807691526146
2022-02-25 18:44:25.221737,MissionProWres,1152076512822083584,10553,False,1206660807691526146
2022-02-25 18:44:31.446002,ShopAEW,1151270124432822280,24451,True,1206660807691526146
2022-02-25 18:44:39.454416,CraigPWMusings,1150012653122797574,2519,False,1206660807691526146
2022-02-25 18:44:45.670965,JulianW85,1147580459557089280,1196,False,1206660807691526146
2022-02-25 18:44:51.907530,BabyfacevHeel,1142849649876885505,1675,False,1206660807691526146
2022-02-25 18:44:58.133365,TopFlight612,1133957254091292672,18986,True,1206660807691526146
2022-02-25 18:45:04.367203,collective2022,1128909742984900608,5032,False,1206660807691526146
2022-02-25 18:45:10.586423,AEWonTV,1128707845589876736,404442,True,1206660807691526146
2022-02-25 18:45:16.878803,RefTurnerAEW,1128080367330705410,7578,True,1206660807691526146
2022-02-25 18:45:23.125317,BellToBelles,1117931928336908288,2912,False,1206660807691526146
2022-02-25 18:45:29.354679,WWEonFOX,1115420364220145664,472313,True,1206660807691526146
2022-02-25 18:45:35.576892,ringthebelleds,1111346405120135172,7367,False,1206660807691526146
2022-02-25 18:45:41.790527,TheArnShow,1104142803091763200,44206,True,1206660807691526146
2022-02-25 18:45:47.988731,KAMMEDEE,1103848012382560258,932,False,1206660807691526146
2022-02-25 18:45:54.196856,WatchesJess,1100521066328440835,10539,False,1206660807691526146
2022-02-25 18:46:00.404159,RealSkylerMoore,1098003016198901760,11268,False,1206660807691526146
2022-02-25 18:46:06.655354,AllieKATCH,1097142854009450497,31006,False,1206660807691526146
2022-02-25 18:46:12.855077,AlexM_talkSPORT,1095332600753807364,28987,True,1206660807691526146
2022-02-25 18:46:19.072121,LegitLeyla,1091831713469292544,31559,True,1206660807691526146
2022-02-25 18:46:25.292593,abadon_AEW,1086561428624949248,60934,True,1206660807691526146
2022-02-25 18:46:31.542673,scholarandelbow,1084156300668350464,772,False,1206660807691526146
2022-02-25 18:46:37.745126,swerveconfident,1081671382197518336,56898,True,1206660807691526146
2022-02-25 18:46:43.975909,WRESTHINGS,1080479019466936321,1749,False,1206660807691526146
2022-02-25 18:46:50.205155,Ale_TheLion,1077432483954810880,2782,False,1206660807691526146
2022-02-25 18:46:56.460103,MrBizarro317,1076094380535107584,510,False,1206660807691526146
2022-02-25 18:47:02.658013,Maggie_IK,1075113834854146048,3999,False,1206660807691526146
2022-02-25 18:47:08.903100,wrestfriends,1071596152762585088,566,False,1206660807691526146
2022-02-25 18:47:15.106344,SquarCircleExpo,1068940037943889920,532,False,1206660807691526146
2022-02-25 18:47:21.311954,zheydorntorch,1065743435817148416,1552,True,1206660807691526146
2022-02-25 18:47:27.524904,boy_myth_legend,1062824476432261120,131839,True,1206660807691526146
2022-02-25 18:47:33.713848,WrestleFeatures,1060908107541475330,24418,False,1206660807691526146
2022-02-25 18:47:39.943543,AEW,1054863627029598208,785636,True,1206660807691526146
2022-02-25 18:47:46.182850,itsjerrylynn,1052349139298717698,27077,True,1206660807691526146
2022-02-25 18:47:52.380517,TWrestlingGirls,1050174126994935809,9089,False,1206660807691526146
2022-02-25 18:47:58.620598,LeviEverett5,1044984599003222016,2084,False,1206660807691526146
2022-02-25 18:48:04.873987,ayy_marino,1044673275584888832,5736,False,1206660807691526146
2022-02-25 18:48:11.114999,BillieStarkz,1039701612812533760,13162,False,1206660807691526146
2022-02-25 18:48:17.433927,MajorWFPod,1032693107115130881,29303,False,1206660807691526146
2022-02-25 18:48:23.689225,BizarroLucha,1025242287721332736,2183,False,1206660807691526146
2022-02-25 18:48:29.918484,_coldpress,1021940140887822336,221,False,1206660807691526146
2022-02-25 18:48:36.141868,Mayydayy86,1017588175898927104,1494,False,1206660807691526146
2022-02-25 18:48:42.369974,DDTDivas,1016480427991805952,1447,False,1206660807691526146
2022-02-25 18:48:48.584638,AmyNemmity,1016355802469158912,20080,False,1206660807691526146
2022-02-25 18:48:54.807278,fuller_kiley,1012845980490911744,608,False,1206660807691526146
2022-02-25 18:49:01.025468,PWAnalysis,1001496698797998081,221,False,1206660807691526146
2022-02-25 18:49:07.289951,wrestlekate,985680360385269760,3178,False,1206660807691526146
2022-02-25 18:49:13.485548,RefAubrey,971851524333711361,134363,True,1206660807691526146
2022-02-25 18:49:19.715570,fagandtoad,963138525972615168,2801,False,1206660807691526146
2022-02-25 18:49:25.919120,x_Beast17_x,962430056835543041,9910,False,1206660807691526146
2022-02-25 18:49:32.155819,RealLadyFrost,949877168531755008,35813,False,1206660807691526146
2022-02-25 18:49:38.372782,KillJustinKyle,948083088105623552,6809,False,1206660807691526146
2022-02-25 18:49:44.717731,emilyofpratt,947936291865243648,4629,False,1206660807691526146
2022-02-25 18:49:50.925296,TigerDriver9X,947586528691347456,12662,False,1206660807691526146
2022-02-25 18:49:57.198872,fightxdie,946809150180388864,731,False,1206660807691526146
2022-02-25 18:50:03.467743,WrestleManiacUK,946758438813601792,983,False,1206660807691526146
2022-02-25 18:50:09.663060,AlGetzWrestling,944250180286763008,1882,False,1206660807691526146
2022-02-25 18:50:15.940098,queenoftheringg,940636298980847616,15974,False,1206660807691526146
2022-02-25 18:50:22.245770,5Deuce4Tre7,936947286600384512,1787,False,1206660807691526146
2022-02-25 18:50:28.461593,AEWLive,936438213144645633,127785,True,1206660807691526146
2022-02-25 18:50:34.686374,dorrixariana,932410011652902912,1150,False,1206660807691526146
2022-02-25 18:50:40.913005,deadassgizzy,931442322654613504,1837,False,1206660807691526146
2022-02-25 18:50:47.129679,83Weeks,923402531606319104,30955,False,1206660807691526146
2022-02-25 18:50:53.332661,blackannctable,915337477422010369,3207,False,1206660807691526146
2022-02-25 18:50:59.569465,WrestlingTheo,914623321853108225,1001,False,1206660807691526146
2022-02-25 18:51:05.832440,ParadigmProWres,909933848712097792,7832,False,1206660807691526146
2022-02-25 18:51:12.045158,BigShottyLee,904870814666731520,16232,True,1206660807691526146
2022-02-25 18:51:18.278718,brooklynn_in_tx,896226847566032896,2812,False,1206660807691526146
2022-02-25 18:51:24.596488,WynterStorm24,894560076849188865,4689,False,1206660807691526146
2022-02-25 18:51:30.816915,jericho_cruise,893214990311845888,13299,False,1206660807691526146
2022-02-25 18:51:37.043289,AndrewKarr616,886756564127928321,200,False,1206660807691526146
2022-02-25 18:51:43.311991,realtejana,874448221086646278,6367,False,1206660807691526146
2022-02-25 18:51:49.549045,BLabelPro,862315761859219456,13805,False,1206660807691526146
2022-02-25 18:51:55.773900,realmarkostunt,856321660076609537,71512,True,1206660807691526146
2022-02-25 18:52:01.993239,HeelByNatureYT,856142648402477058,7017,False,1206660807691526146
2022-02-25 18:52:08.316156,DickVanKlondike,852632988852649984,6786,False,1206660807691526146
2022-02-25 18:52:14.554937,ShawnDean773,849691659713433600,22087,True,1206660807691526146
2022-02-25 18:52:20.853595,TheKamDreesen,848587728904237056,3286,False,1206660807691526146
2022-02-25 18:52:27.103471,lucha_angel1,848185426326282241,32486,True,1206660807691526146
2022-02-25 18:52:33.329267,theleemoriarty,846200046894923776,19528,True,1206660807691526146
2022-02-25 18:52:39.531645,PhilDL616,842482175962484736,6165,False,1206660807691526146
2022-02-25 18:52:45.787113,IamKylieRae,839152036331536384,60763,True,1206660807691526146
2022-02-25 18:52:52.043231,PhoenixKidCFR,838309402121641984,830,False,1206660807691526146
2022-02-25 18:52:58.289791,wolfkingvillian,825777888456749057,8502,False,1206660807691526146
2022-02-25 18:53:04.514605,PENTAELZEROM,823733605025226752,131552,True,1206660807691526146
2022-02-25 18:53:10.757401,WresSocietyX,820722636367937537,2031,False,1206660807691526146
2022-02-25 18:53:16.966465,Cu_Comm,820385605012090881,394,False,1206660807691526146
2022-02-25 18:53:23.208827,ericinsarasota,818517789086547968,12319,False,1206660807691526146
2022-02-25 18:53:29.433565,TrishAdora202,815929583971213313,11568,False,1206660807691526146
2022-02-25 18:53:35.665732,MadKing1981,815451826178977792,126015,True,1206660807691526146
2022-02-25 18:53:41.891272,Marq_Quen,815432719316451328,39058,True,1206660807691526146
2022-02-25 18:53:48.116582,fayejackson419,813169543916978176,30531,False,1206660807691526146
2022-02-25 18:53:54.352003,Fightful,812058121531179008,74566,False,1206660807691526146
2022-02-25 18:54:00.577359,FightfulMMA,812057215708307458,2885,False,1206660807691526146
2022-02-25 18:54:06.843786,EvanDeadlySinsW,808907607494762496,1874,False,1206660807691526146
2022-02-25 18:54:13.101092,WrestlingTravel,807005181229535232,22624,True,1206660807691526146
2022-02-25 18:54:19.325265,BTSheetsPod,805819721887129600,2634,False,1206660807691526146
2022-02-25 18:54:25.543388,heyitsericalee,799657441948483585,147,False,1206660807691526146
2022-02-25 18:54:31.792317,TayConti_,791075512319873024,258420,True,1206660807691526146
2022-02-25 18:54:38.022319,MariTalks2Much,784081619086774272,3205,False,1206660807691526146
2022-02-25 18:54:44.254524,JakeAtlasReal,778124942089064448,26158,True,1206660807691526146
2022-02-25 18:54:50.487870,CoreyStormB2D,770139153317109760,6144,False,1206660807691526146
2022-02-25 18:54:56.700087,xoxomani_,764605775893307392,4792,False,1206660807691526146
2022-02-25 18:55:02.924519,PrichardShow,760690981935218688,61628,True,1206660807691526146
2022-02-25 18:55:09.145565,indiewrestling,756656040834428928,28213,False,1206660807691526146
2022-02-25 18:55:15.392661,ZeloWrestling,755859975432318976,3372,False,1206660807691526146
2022-02-25 18:55:21.622265,ReyFenixMx,755061850262253568,110142,True,1206660807691526146
2022-02-25 18:55:27.841973,BeltsByDan,753580314677641221,8387,False,1206660807691526146
2022-02-25 18:55:34.091931,RealWardlow,752510522528927744,53473,True,1206660807691526146
2022-02-25 18:55:40.388106,RefAjaWWE,750163629413130240,28635,True,1206660807691526146
2022-02-25 18:55:46.620177,FightfulSelect,743173713177231361,20801,True,1206660807691526146
2022-02-25 18:55:52.885119,GlennJacobsTN,734096443561148416,135118,True,1206660807691526146
2022-02-25 18:55:59.097391,DLovesRasslin,730746189977649152,1639,False,1206660807691526146
2022-02-25 18:56:05.329548,DarbyAllin,728015864012771329,183278,True,1206660807691526146
2022-02-25 18:56:11.563217,LaceyEvansWWE,719666948263567360,341321,True,1206660807691526146
2022-02-25 18:56:17.756899,VinceGoogling,712908386174689281,35765,False,1206660807691526146
2022-02-25 18:56:23.968915,JustTalkWrestle,710609605395673088,31415,False,1206660807691526146
2022-02-25 18:56:30.211878,bvmbshelledCOM,4884572764,529,False,1206660807691526146
2022-02-25 18:56:36.473296,brandilauren_,4856260426,47280,True,1206660807691526146
2022-02-25 18:56:42.687522,McDreaBean,4825604960,1402,False,1206660807691526146
2022-02-25 18:56:48.914168,MJ_Santii,4780526236,1280,False,1206660807691526146
2022-02-25 18:56:55.159458,Skyebyee,4646532797,30789,True,1206660807691526146
2022-02-25 18:57:01.372808,ragsheets,4551736694,87,False,1206660807691526146
2022-02-25 18:57:07.610632,bfg728,4451927561,21628,True,1206660807691526146
2022-02-25 18:57:13.824451,WrestleVotes,4145791263,49874,False,1206660807691526146
2022-02-25 18:57:20.164866,WWENetworkChron,4114740153,8019,False,1206660807691526146
2022-02-25 18:57:26.440954,RadioTheJules,3764751374,379,False,1206660807691526146
2022-02-25 18:57:32.681960,AthenaPalmer_FG,3653740512,427547,True,1206660807691526146
2022-02-25 18:57:38.904742,TheBillyDixon,3590095882,4826,False,1206660807691526146
2022-02-25 18:57:45.155282,RealMJJenkins_,3517087996,9601,False,1206660807691526146
2022-02-25 18:57:51.383778,IsiahKassidy,3410824275,48633,True,1206660807691526146
2022-02-25 18:57:57.628811,SonnyKissXO,3405370583,59094,True,1206660807691526146
2022-02-25 18:58:03.855233,GOProWrestling,3392460809,6124,False,1206660807691526146
2022-02-25 18:58:10.081945,WeLuvWrestling1,3391433513,1956,False,1206660807691526146
2022-02-25 18:58:16.334528,JacobSchmidt14_,3377213299,115,False,1206660807691526146
2022-02-25 18:58:22.542735,DaniJordyn,3369885016,26371,False,1206660807691526146
2022-02-25 18:58:28.777135,SwoleWorld,3362663615,67918,True,1206660807691526146
2022-02-25 18:58:34.995061,WWE_MandyRose,3322506742,888916,True,1206660807691526146
2022-02-25 18:58:41.253010,WrestlingSheet,3314226727,74548,True,1206660807691526146
2022-02-25 18:58:47.490754,zanepasley,3299011141,577,False,1206660807691526146
2022-02-25 18:58:53.710634,TheKevinFertig,3294471485,6388,False,1206660807691526146
2022-02-25 18:58:59.928534,artxcore,3288012734,6205,False,1206660807691526146
2022-02-25 18:59:06.155997,rexkwondox,3257566801,5721,False,1206660807691526146
2022-02-25 18:59:12.387367,TheMissConnie92,3247041557,292,False,1206660807691526146
2022-02-25 18:59:18.598878,SimoneGJohnson,3244861583,63420,True,1206660807691526146
2022-02-25 18:59:24.806943,StatGuyGreg,3236570703,11693,False,1206660807691526146
2022-02-25 18:59:31.048289,MKWwrestling,3230849671,2126,False,1206660807691526146
2022-02-25 18:59:37.303467,MontezFordWWE,3164774627,197307,True,1206660807691526146
2022-02-25 18:59:43.548825,WellsMania,3073948173,1379,False,1206660807691526146
2022-02-25 18:59:49.769556,KristenAshly,3007600158,4006,False,1206660807691526146
2022-02-25 18:59:56.012090,Carmelo_WWE,2992832620,28033,True,1206660807691526146
2022-02-25 19:00:02.213113,MissLovebat,2974192528,4267,False,1206660807691526146
2022-02-25 19:00:08.472170,EFFYlives,2967959975,33030,False,1206660807691526146
2022-02-25 19:00:14.709088,PWStream,2942334940,56261,False,1206660807691526146
2022-02-25 19:00:20.934447,Alan_V_Angels,2942110938,46115,True,1206660807691526146
2022-02-25 19:00:27.171605,thePenelopeFord,2910430159,85450,True,1206660807691526146
2022-02-25 19:00:33.399045,BrandonThurston,2901373366,15950,False,1206660807691526146
2022-02-25 19:00:39.629922,DallasIrvinWWE,2889917630,9595,False,1206660807691526146
2022-02-25 19:00:45.854759,riho_gtmv,2888370894,48199,True,1206660807691526146
2022-02-25 19:00:52.104544,KennyOmegamanX,2879312390,525516,True,1206660807691526146
2022-02-25 19:00:58.337695,nikoexxtra,2867814854,26147,False,1206660807691526146
2022-02-25 19:01:04.582364,MichaelPSHayes1,2807916420,51143,True,1206660807691526146
2022-02-25 19:01:10.796588,TheKipSabian,2782789191,50170,True,1206660807691526146
2022-02-25 19:01:17.029980,cesarostan,2743725323,1034,False,1206660807691526146
2022-02-25 19:01:23.264077,jmehytr,2729062619,76793,True,1206660807691526146
2022-02-25 19:01:29.537428,thunderrosa22,2660785910,162920,True,1206660807691526146
2022-02-25 19:01:35.754965,kaylavision,2655126359,8076,False,1206660807691526146
2022-02-25 19:01:41.977074,Ms_KristaB,2604479320,1320,False,1206660807691526146
2022-02-25 19:01:48.209169,PWTees,2578893744,89934,True,1206660807691526146
2022-02-25 19:01:54.425455,HeyHeyItsConrad,2571064740,106977,True,1206660807691526146
2022-02-25 19:02:00.640452,WWE_Network_Bot,2570281736,14447,False,1206660807691526146
2022-02-25 19:02:06.873530,_denisesalcedo,2540948251,54657,True,1206660807691526146
2022-02-25 19:02:13.092965,Wheeljack83,2534608675,292,False,1206660807691526146
2022-02-25 19:02:19.322106,SwissrollChris,2460664230,123,False,1206660807691526146
2022-02-25 19:02:25.565483,WrassleRap,2424342684,6258,False,1206660807691526146
2022-02-25 19:02:31.794838,ShutUpExcalibur,2408462113,63384,True,1206660807691526146
2022-02-25 19:02:38.020560,Marie_Shadows,2369519179,2376,False,1206660807691526146
2022-02-25 19:02:44.244908,wrestlenomics,2369134760,9556,False,1206660807691526146
2022-02-25 19:02:50.466189,airikalind,2362624615,756,False,1206660807691526146
2022-02-25 19:02:56.707961,RebelTanea,2352597950,102003,True,1206660807691526146
2022-02-25 19:03:02.932718,JonnyX_Bruh,2323031339,551,False,1206660807691526146
2022-02-25 19:03:09.179592,Tess_Blanchard,2304914424,174695,True,1206660807691526146
2022-02-25 19:03:15.410005,CreateAPro,2303869946,8601,False,1206660807691526146
2022-02-25 19:03:21.631694,FanSidedDDT,2278046930,20674,True,1206660807691526146
2022-02-25 19:03:27.869423,AskWWENetwork,2273582912,33224,False,1206660807691526146
2022-02-25 19:03:34.113355,DLockPro,2252494082,9747,False,1206660807691526146
2022-02-25 19:03:40.344573,YaOnlyLivvOnce,2245639517,875370,True,1206660807691526146
2022-02-25 19:03:46.566815,TheMontyBrown,2236834574,3161,False,1206660807691526146
2022-02-25 19:03:52.771467,BigPercUniverse,2208216158,1721,False,1206660807691526146
2022-02-25 19:03:58.996475,madmadref,2195003761,10121,False,1206660807691526146
2022-02-25 19:04:05.227026,annajay___,2172692378,176636,True,1206660807691526146
2022-02-25 19:04:11.466474,RheaRipley_WWE,1958028342,494571,True,1206660807691526146
2022-02-25 19:04:17.696974,MONEYSSHOT,1917824791,4664,False,1206660807691526146
2022-02-25 19:04:23.915772,DAVISakaDRIP,1906654585,318,False,1206660807691526146
2022-02-25 19:04:30.155983,WWEVacant,1875277039,28382,False,1206660807691526146
2022-02-25 19:04:36.393142,AKirshner123,1740868675,793,False,1206660807691526146
2022-02-25 19:04:42.611207,griffgarrison1,1713881011,26690,True,1206660807691526146
2022-02-25 19:04:48.815692,Malcolmvelli,1691917987,59338,True,1206660807691526146
2022-02-25 19:04:55.064158,GavinRamblesOn,1679983278,1379,False,1206660807691526146
2022-02-25 19:05:01.294602,Nick_Hausman,1658174828,6709,False,1206660807691526146
2022-02-25 19:05:07.511652,ShotziWWE,1628422374,172641,True,1206660807691526146
2022-02-25 19:05:13.730643,DanEnglerWWE,1626725797,14909,True,1206660807691526146
2022-02-25 19:05:19.967534,WWE_HeckATC,1591866234,11539,False,1206660807691526146
2022-02-25 19:05:26.203200,sgovintage,1553978220,8925,True,1206660807691526146
2022-02-25 19:05:32.444934,ADThompson__,1528654044,2681,False,1206660807691526146
2022-02-25 19:05:38.676225,Brendan_SD,1526926712,3868,False,1206660807691526146
2022-02-25 19:05:44.895909,NylaRoseBeast,1446790507,89102,True,1206660807691526146
2022-02-25 19:05:51.109556,ATRIBECALLWEST,1411750472,3099,False,1206660807691526146
2022-02-25 19:05:57.334015,JackEvans711,1322038790,45643,True,1206660807691526146
2022-02-25 19:06:03.561107,SKWrestling_,1290691230,8026,False,1206660807691526146
2022-02-25 19:06:09.786314,AngelicoAAA,1260626695,49089,True,1206660807691526146
2022-02-25 19:06:16.013451,FreddieHudson15,1227108680,1854,False,1206660807691526146
2022-02-25 19:06:22.246275,Courtney_Kay1,1216289088,5596,False,1206660807691526146
2022-02-25 19:06:28.499901,StephMcMahon,1195370804,3166358,True,1206660807691526146
2022-02-25 19:06:34.723624,FuegoDelSol,1134545383,44949,True,1206660807691526146
2022-02-25 19:06:40.942835,aaronrift,1131671738,28123,True,1206660807691526146
2022-02-25 19:06:47.161705,ObserverQuotes,1087917997,25813,False,1206660807691526146
2022-02-25 19:06:53.375703,WWECareers,1080579006,34567,False,1206660807691526146
2022-02-25 19:06:59.667479,ManceWarner,1054637334,15158,False,1206660807691526146
2022-02-25 19:07:05.890415,brosoftralee,1033272595,2891,False,1206660807691526146
2022-02-25 19:07:12.157240,GCWrestling_,1024814245,58593,False,1206660807691526146
2022-02-25 19:07:18.390335,ifyouseekcasey,995147202,5935,False,1206660807691526146
2022-02-25 19:07:24.617845,BeckyLynchWWE,955885435,2123002,True,1206660807691526146
2022-02-25 19:07:30.852598,AngeloDawkins,933479600,112723,True,1206660807691526146
2022-02-25 19:07:37.096960,WWEParkingGuy,889113373,1251,False,1206660807691526146
2022-02-25 19:07:43.306044,_TheWOAD,867316314,4389,False,1206660807691526146
2022-02-25 19:07:49.538821,SavannahRG513,842072562,911,False,1206660807691526146
2022-02-25 19:07:55.776066,stepstoolsarahx,836108096,6459,False,1206660807691526146
2022-02-25 19:08:01.983745,davemeltzerWON,799815672,269182,False,1206660807691526146
2022-02-25 19:08:08.200676,sammyguevara,775025786,193661,True,1206660807691526146
2022-02-25 19:08:14.408654,PsicosisOficial,774171360,23687,False,1206660807691526146
2022-02-25 19:08:20.635041,Colohue,773810575,9285,False,1206660807691526146
2022-02-25 19:08:26.869364,SeiyaMyName,768740256,1780,False,1206660807691526146
2022-02-25 19:08:33.105423,JPWARHORSE,754293710,40176,False,1206660807691526146
2022-02-25 19:08:39.322528,WWEStats,732948073,50044,False,1206660807691526146
2022-02-25 19:08:45.561625,briancagegmsi,637390557,103103,True,1206660807691526146
2022-02-25 19:08:51.811574,voiceswrestling,637328248,18970,False,1206660807691526146
2022-02-25 19:08:58.051030,rmorfnyc,620444483,7280,False,1206660807691526146
2022-02-25 19:09:04.254097,HaIeyanneee,612066710,681,False,1206660807691526146
2022-02-25 19:09:10.469669,AllisonIckes,600571265,299,False,1206660807691526146
2022-02-25 19:09:16.694634,Ortiz_Powerful,594072003,65167,True,1206660807691526146
2022-02-25 19:09:22.933718,gigidolin_wwe,580525652,104457,True,1206660807691526146
2022-02-25 19:09:29.162869,dsleon45,575554657,94835,True,1206660807691526146
2022-02-25 19:09:35.375945,Pariswrestling_,557939336,1197,False,1206660807691526146
2022-02-25 19:09:41.615741,RealJeffCobb,543194160,41540,False,1206660807691526146
2022-02-25 19:09:47.842822,RossForman1,540375496,2100,False,1206660807691526146
2022-02-25 19:09:54.094803,WWEBigE,533394907,947011,True,1206660807691526146
2022-02-25 19:10:00.309929,realrubysoho,529654692,377281,True,1206660807691526146
2022-02-25 19:10:06.544387,reasonjp,527025485,15792,False,1206660807691526146
2022-02-25 19:10:12.799519,HoganKnowsBest3,518113700,57003,True,1206660807691526146
2022-02-25 19:10:19.055330,CodyRhodes,516771605,1010036,True,1206660807691526146
2022-02-25 19:10:25.267687,WWESheamus,515722353,4789666,True,1206660807691526146
2022-02-25 19:10:31.466966,Pres10Vance,515085969,48123,True,1206660807691526146
2022-02-25 19:10:37.670892,MonroeJamison,506919069,4181,False,1206660807691526146
2022-02-25 19:10:43.906886,Santana_Proud,504699572,99967,True,1206660807691526146
2022-02-25 19:10:50.146383,RealTSteelz,503948621,21985,True,1206660807691526146
2022-02-25 19:10:56.357453,KDtdunn,503737577,313,False,1206660807691526146
2022-02-25 19:11:02.598564,stu_dos,502260026,52486,True,1206660807691526146
2022-02-25 19:11:08.807777,conniebomaye,495480649,2816,False,1206660807691526146
2022-02-25 19:11:15.018173,HazardF5,482813664,1697,False,1206660807691526146
2022-02-25 19:11:21.247120,NoelleFoley,480577832,203722,True,1206660807691526146
2022-02-25 19:11:27.495700,TheMattKnicks,471748983,4821,False,1206660807691526146
2022-02-25 19:11:33.695053,BASTARDPAC,467169923,610225,True,1206660807691526146
2022-02-25 19:11:39.901357,callmekrisstat,467130861,104270,True,1206660807691526146
2022-02-25 19:11:46.136669,TrevorDame,465687213,8678,False,1206660807691526146
2022-02-25 19:11:52.374035,BryanAMercer,464918014,371,False,1206660807691526146
2022-02-25 19:11:58.596640,DiamanteLAX,459924108,40994,True,1206660807691526146
2022-02-25 19:12:04.805571,sarahjoyshockey,453252068,10426,False,1206660807691526146
2022-02-25 19:12:11.035333,WrestleTalk_TV,448441609,77606,True,1206660807691526146
2022-02-25 19:12:17.294889,yeah_dats_mee,439465007,842,False,1206660807691526146
2022-02-25 19:12:23.528939,itsBayleyWWE,433804134,1676663,True,1206660807691526146
2022-02-25 19:12:29.805162,Polo_Palomino_,424472850,958,False,1206660807691526146
2022-02-25 19:12:36.015196,TashaXXRollins,419885604,6840,False,1206660807691526146
2022-02-25 19:12:42.251484,TomHannifan,411936401,116138,True,1206660807691526146
2022-02-25 19:12:48.466095,MikeJBknows,410867848,909,False,1206660807691526146
2022-02-25 19:12:54.690906,The_MJF,408051799,268166,True,1206660807691526146
2022-02-25 19:13:00.898206,real1,403198209,501954,True,1206660807691526146
2022-02-25 19:13:07.209428,TonyKhan,397823963,275477,True,1206660807691526146
2022-02-25 19:13:13.486975,SwayArcher,394966980,2208,False,1206660807691526146
2022-02-25 19:13:19.712979,thejbird904,394456094,16304,False,1206660807691526146
2022-02-25 19:13:25.945878,dhancock110,393416753,4190,False,1206660807691526146
2022-02-25 19:13:32.196344,ekillaah,378274725,4930,False,1206660807691526146
2022-02-25 19:13:38.400147,Mouse3911,377442176,7862,False,1206660807691526146
2022-02-25 19:13:44.660190,AliciaTaylorNXT,375934065,12169,True,1206660807691526146
2022-02-25 19:13:50.879010,TestifyDVon,375477662,320232,True,1206660807691526146
2022-02-25 19:13:57.125499,RajGiri_303,371605822,15724,False,1206660807691526146
2022-02-25 19:14:03.362313,mashaslamovich,371527510,12747,False,1206660807691526146
2022-02-25 19:14:09.571936,WWENetwork,368703433,1855419,True,1206660807691526146
2022-02-25 19:14:15.797772,paredysexoxo,368436608,3127,False,1206660807691526146
2022-02-25 19:14:22.043888,TheGaryCassidy,366360002,12445,True,1206660807691526146
2022-02-25 19:14:28.250270,SashaBanksWWE,359099321,2307037,True,1206660807691526146
2022-02-25 19:14:34.485274,JessPalombo,357954316,3061,False,1206660807691526146
2022-02-25 19:14:40.736541,CalvinTankman,353585161,6743,False,1206660807691526146
2022-02-25 19:14:46.959100,CandiceLeRae,351110691,241635,True,1206660807691526146
2022-02-25 19:14:53.191785,JANELABABY,346727379,55880,True,1206660807691526146
2022-02-25 19:14:59.415483,FWFWrestling,342429115,880,False,1206660807691526146
2022-02-25 19:15:05.673044,TrippCassidy,335091997,4272,False,1206660807691526146
2022-02-25 19:15:11.871270,kylesprescott,327600634,3804,False,1206660807691526146
2022-02-25 19:15:18.070845,BeeRayJones,327547129,317,False,1206660807691526146
2022-02-25 19:15:24.328744,mckenzienmitch,325120915,33859,True,1206660807691526146
2022-02-25 19:15:30.535108,DaveBautista,323120520,1458915,True,1206660807691526146
2022-02-25 19:15:36.774417,MsCharlotteWWE,322744081,2104147,True,1206660807691526146
2022-02-25 19:15:43.012735,RichHomieJuice,321631904,16448,False,1206660807691526146
2022-02-25 19:15:49.233877,TheAbominator,317409162,443,False,1206660807691526146
2022-02-25 19:15:55.457401,BookerT5x,314120493,1349055,True,1206660807691526146
2022-02-25 19:16:01.682621,KennyKingPb2,312226723,61171,True,1206660807691526146
2022-02-25 19:16:07.892209,sescoops,306467181,14364,False,1206660807691526146
2022-02-25 19:16:14.126504,RomanMoxFan2010,305383516,6306,False,1206660807691526146
2022-02-25 19:16:20.382468,justinlmack,292613646,4418,True,1206660807691526146
2022-02-25 19:16:26.611521,thisisjrose,286677454,5743,False,1206660807691526146
2022-02-25 19:16:32.861880,KAIRI_official,286561231,351634,True,1206660807691526146
2022-02-25 19:16:39.091115,WWELadyRefJess,282707744,79848,True,1206660807691526146
2022-02-25 19:16:45.332468,BladeofBuffalo,278836755,42921,True,1206660807691526146
2022-02-25 19:16:51.569536,TopRopeTyler,275280825,649,False,1206660807691526146
2022-02-25 19:16:57.831430,mktries,273204753,473,False,1206660807691526146
2022-02-25 19:17:04.076599,IamLioRush,273122696,90467,True,1206660807691526146
2022-02-25 19:17:10.308734,KevinSullyTV,269307572,18617,True,1206660807691526146
2022-02-25 19:17:16.528129,RealIvelisse,268551780,73303,True,1206660807691526146
2022-02-25 19:17:22.838171,TheEmpBruh,265715838,7723,False,1206660807691526146
2022-02-25 19:17:29.060523,WrestleMania,262310943,1612177,True,1206660807691526146
2022-02-25 19:17:35.289906,FallonHenleyWWE,258567926,14256,False,1206660807691526146
2022-02-25 19:17:41.479601,JimValley,257356123,7133,False,1206660807691526146
2022-02-25 19:17:47.736510,DeeDeeJonee,257134369,623,False,1206660807691526146
2022-02-25 19:17:53.961822,SteveONewYork,252224356,31,False,1206660807691526146
2022-02-25 19:18:00.196820,TheRock,250831586,15871002,True,1206660807691526146
2022-02-25 19:18:06.432336,BiancaBelairWWE,245174002,442942,True,1206660807691526146
2022-02-25 19:18:12.684901,BenJMorse,241650760,22959,True,1206660807691526146
2022-02-25 19:18:18.947100,luchasaurus,239637813,121185,True,1206660807691526146
2022-02-25 19:18:25.168723,WWEArmstrong,239095089,304272,True,1206660807691526146
2022-02-25 19:18:31.763838,tonyschiavone24,238276429,141068,True,1206660807691526146
2022-02-25 19:18:38.022129,HeyHeyItsLaur,237103707,2882,False,1206660807691526146
2022-02-25 19:18:44.226160,CedricAlexander,230756399,169349,True,1206660807691526146
2022-02-25 19:18:50.440312,KingRicochet,230407089,347238,True,1206660807691526146
2022-02-25 19:18:56.657894,RealBillyGunn,229340889,323420,True,1206660807691526146
2022-02-25 19:19:02.915423,educatedkneegro,227449915,34,False,1206660807691526146
2022-02-25 19:19:09.132810,wrestling,226887759,166078,True,1206660807691526146
2022-02-25 19:19:15.351266,therealec3,221519114,169893,True,1206660807691526146
2022-02-25 19:19:21.612007,BDavenportWWE,220235284,72833,True,1206660807691526146
2022-02-25 19:19:27.833636,DramaKingMatt,216955019,146581,True,1206660807691526146
2022-02-25 19:19:34.069960,BRWrestling,216108231,169596,True,1206660807691526146
2022-02-25 19:19:40.339510,SoDuTw,215434317,7062,False,1206660807691526146
2022-02-25 19:19:46.567750,xdswgx,202152252,580,False,1206660807691526146
2022-02-25 19:19:52.798944,BrittanyMarie0x,201940004,3599,False,1206660807691526146
2022-02-25 19:19:59.036730,tricrtreats,199550630,4046,False,1206660807691526146
2022-02-25 19:20:05.227837,ThisIsNasty,198017972,6791,True,1206660807691526146
2022-02-25 19:20:11.488442,NikiMSavo,196398090,15974,False,1206660807691526146
2022-02-25 19:20:17.743315,theAdamPage,195863018,290988,True,1206660807691526146
2022-02-25 19:20:23.938958,theaustingunn,194344162,29892,True,1206660807691526146
2022-02-25 19:20:30.290106,MelCruise7,193466220,11501,False,1206660807691526146
2022-02-25 19:20:36.516730,RobertStoneWWE,192745109,139578,True,1206660807691526146
2022-02-25 19:20:42.779592,TorchCrawler,191104625,84,False,1206660807691526146
2022-02-25 19:20:49.062905,ZelinaVegaWWE,186718723,488863,True,1206660807691526146
2022-02-25 19:20:55.291786,FrankieKazarian,186648669,222551,True,1206660807691526146
2022-02-25 19:21:01.492113,ChuckCarrollWLC,186554155,5148,False,1206660807691526146
2022-02-25 19:21:07.729798,IAmRashardH,186536763,1451,False,1206660807691526146
2022-02-25 19:21:13.941490,WONF4W,185919857,118385,False,1206660807691526146
2022-02-25 19:21:20.173227,SilverNumber1,185752091,97264,True,1206660807691526146
2022-02-25 19:21:26.387186,TheAJMendez,185449401,4877395,True,1206660807691526146
2022-02-25 19:21:32.613866,NaomiWWE,185384617,1226997,True,1206660807691526146
2022-02-25 19:21:38.840829,GetChoPodcast,184510100,4346,False,1206660807691526146
2022-02-25 19:21:45.067695,WilliamRBR,184210817,5652,False,1206660807691526146
2022-02-25 19:21:51.302454,ScrapDaddyAP,179163432,108690,True,1206660807691526146
2022-02-25 19:21:57.509654,Jedi_Marcos,177814171,493,False,1206660807691526146
2022-02-25 19:22:03.726919,CMPunk,177345928,2723475,True,1206660807691526146
2022-02-25 19:22:09.959480,QTMarshall,174453530,31674,True,1206660807691526146
2022-02-25 19:22:16.190302,RealMickFoley,172887151,1953707,True,1206660807691526146
2022-02-25 19:22:22.461628,DennyVonDoom,171617646,6050,False,1206660807691526146
2022-02-25 19:22:28.715341,MikeyRukus,170552827,31333,False,1206660807691526146
2022-02-25 19:22:34.942891,RandyOrton,168767461,6267642,True,1206660807691526146
2022-02-25 19:22:41.175382,Shazza_McKenzie,167246977,55333,True,1206660807691526146
2022-02-25 19:22:47.409781,matthdamon,166975566,1005,False,1206660807691526146
2022-02-25 19:22:53.691341,darksheikftf,159375672,10330,True,1206660807691526146
2022-02-25 19:22:59.902889,JohnnyGargano,151583233,381855,True,1206660807691526146
2022-02-25 19:23:06.154985,shidahikaru,147929592,139572,True,1206660807691526146
2022-02-25 19:23:12.388546,JimmyHavoc,146415090,72502,True,1206660807691526146
2022-02-25 19:23:18.610502,AdamColePro,145870212,513181,True,1206660807691526146
2022-02-25 19:23:24.825403,SMuehlhausenJr,145417516,2778,False,1206660807691526146
2022-02-25 19:23:31.070211,zmanbrianzane,140177838,44627,True,1206660807691526146
2022-02-25 19:23:37.308953,tariq_ahmad,139235403,8829,False,1206660807691526146
2022-02-25 19:23:43.552865,blackrasslin,138912412,2933,False,1206660807691526146
2022-02-25 19:23:49.787634,RGarcia_Sports,137911730,1723,False,1206660807691526146
2022-02-25 19:23:56.011925,Miss_LeilaGrey,136006445,10789,False,1206660807691526146
2022-02-25 19:24:02.250511,dustinrhodes,135039839,715362,True,1206660807691526146
2022-02-25 19:24:08.490315,KiLynnKing,134717056,25573,False,1206660807691526146
2022-02-25 19:24:14.726450,MarkSterlingEsq,133380410,13716,True,1206660807691526146
2022-02-25 19:24:21.026842,Superstar_KM,132830721,8641,False,1206660807691526146
2022-02-25 19:24:27.246982,starkmanjones,131052446,62542,True,1206660807691526146
2022-02-25 19:24:33.502178,Ross_Wheatley,130344109,1572,False,1206660807691526146
2022-02-25 19:24:39.797409,Heyieasha,127360911,1200,False,1206660807691526146
2022-02-25 19:24:46.004820,CMCagematch,127241439,2646,False,1206660807691526146
2022-02-25 19:24:52.206189,JRWTheCreator,126354972,2196,False,1206660807691526146
2022-02-25 19:24:58.473014,realkevinkelly,125972132,57299,True,1206660807691526146
2022-02-25 19:25:04.718674,brianhwaters,125853084,9015,False,1206660807691526146
2022-02-25 19:25:11.010371,LanceHoyt,120216237,124992,True,1206660807691526146
2022-02-25 19:25:17.262432,FlyinBrianJr,118499897,94027,True,1206660807691526146
2022-02-25 19:25:23.510964,RealNickAldis,117158507,185103,True,1206660807691526146
2022-02-25 19:25:29.740709,realfredrosser,115700178,377647,True,1206660807691526146
2022-02-25 19:25:35.974970,RealBrittBaker,115072361,291466,True,1206660807691526146
2022-02-25 19:25:42.222629,buckneverstops,114960782,13396,True,1206660807691526146
2022-02-25 19:25:48.449879,steveaustinBSR,112915037,4709523,True,1206660807691526146
2022-02-25 19:25:54.688738,nwa,111370972,103929,True,1206660807691526146
2022-02-25 19:26:00.913918,WWENXT,110895343,1563051,True,1206660807691526146
2022-02-25 19:26:07.133181,Laviemarg,110232457,1619,False,1206660807691526146
2022-02-25 19:26:13.371256,wrestlingleva,108863515,107758,True,1206660807691526146
2022-02-25 19:26:19.597302,MiaYim,108200716,261028,True,1206660807691526146
2022-02-25 19:26:25.832177,smFISHMAN,107478659,23748,True,1206660807691526146
2022-02-25 19:26:32.076353,HEELZiggler,105251590,2758837,True,1206660807691526146
2022-02-25 19:26:38.337214,MikePWInsider,103761467,18631,False,1206660807691526146
2022-02-25 19:26:44.550972,StephenA1181,100605173,789,False,1206660807691526146
2022-02-25 19:26:50.791696,DaniPhantomPlay,99458400,257,False,1206660807691526146
2022-02-25 19:26:57.031525,ryansatin,98501332,100986,True,1206660807691526146
2022-02-25 19:27:03.257180,KelDansby,97859604,3925,False,1206660807691526146
2022-02-25 19:27:09.484284,MeelzTV,96832075,4566,False,1206660807691526146
2022-02-25 19:27:15.723269,WrestlingJebus,94847504,37989,False,1206660807691526146
2022-02-25 19:27:21.930027,HollywoodHowse,92598641,589,False,1206660807691526146
2022-02-25 19:27:28.168049,JRsBBQ,89556802,1743992,True,1206660807691526146
2022-02-25 19:27:34.406325,NatbyNature,89014429,2315799,True,1206660807691526146
2022-02-25 19:27:40.622893,PlatinumMax,88373372,37635,True,1206660807691526146
2022-02-25 19:27:46.861954,TrueWillieHobbs,87507728,44408,True,1206660807691526146
2022-02-25 19:27:53.072129,alexis_b82,82646342,2046,False,1206660807691526146
2022-02-25 19:27:59.309675,SarahTheRebel,82139087,11877,False,1206660807691526146
2022-02-25 19:28:05.532947,TheRealXPac,80815716,473708,True,1206660807691526146
2022-02-25 19:28:11.747121,TheBrandiRhodes,79863704,426654,True,1206660807691526146
2022-02-25 19:28:17.963899,YTAlexReynolds,78957018,41907,True,1206660807691526146
2022-02-25 19:28:24.206848,BLPMikey,76768976,3787,False,1206660807691526146
2022-02-25 19:28:30.418216,dave_schilling,76156485,26367,True,1206660807691526146
2022-02-25 19:28:36.651280,BennettWWE,72898661,40791,False,1206660807691526146
2022-02-25 19:28:42.856248,ReneePaquette,70725301,1217743,True,1206660807691526146
2022-02-25 19:28:49.082592,RonKillings,70006177,1697962,True,1206660807691526146
2022-02-25 19:28:55.320157,ovwrestling,69814261,38899,True,1206660807691526146
2022-02-25 19:29:01.557397,thewadekeller,69524494,42124,True,1206660807691526146
2022-02-25 19:29:07.845390,cagesideseats,67357571,37396,True,1206660807691526146
2022-02-25 19:29:14.108159,Shannanjii,64440169,30515,True,1206660807691526146
2022-02-25 19:29:20.326165,ericaleigh_4,64190742,136,False,1206660807691526146
2022-02-25 19:29:26.550171,reidhcooper,63725960,1743,False,1206660807691526146
2022-02-25 19:29:32.769415,Myers_Wrestling,62726872,398262,True,1206660807691526146
2022-02-25 19:29:38.999886,crains1227,62711803,618,False,1206660807691526146
2022-02-25 19:29:45.204136,BeingTheElite,61691554,357738,True,1206660807691526146
2022-02-25 19:29:51.412382,Deadman469,61020406,1394,False,1206660807691526146
2022-02-25 19:29:57.651119,okaydrian,59780216,5172,True,1206660807691526146
2022-02-25 19:30:03.861488,RighteousReg,58538067,3734,False,1206660807691526146
2022-02-25 19:30:10.139004,RoxxieToxxic,56760326,7431,False,1206660807691526146
2022-02-25 19:30:16.359912,DashingChrisBey,55500428,39906,True,1206660807691526146
2022-02-25 19:30:22.589961,Shadbeast,54768482,158731,True,1206660807691526146
2022-02-25 19:30:28.821534,WWEGraves,54403121,518279,True,1206660807691526146
2022-02-25 19:30:35.059341,KingSerpentico,54040790,21355,True,1206660807691526146
2022-02-25 19:30:41.279027,therealestwendy,52967115,44661,True,1206660807691526146
2022-02-25 19:30:47.544708,TrueKofi,52135300,2236994,True,1206660807691526146
2022-02-25 19:30:53.791187,andycomplains,50789545,51913,True,1206660807691526146
2022-02-25 19:31:00.004657,jimmyvan74,50339715,4357,False,1206660807691526146
2022-02-25 19:31:06.227885,maskedrepublic,50215951,12550,False,1206660807691526146
2022-02-25 19:31:12.477119,MrsMatt13,49857640,15937,True,1206660807691526146
2022-02-25 19:31:18.693760,candice_ray6,49810106,1590,False,1206660807691526146
2022-02-25 19:31:24.916956,Ref_ChrisDaniel,49198899,40,False,1206660807691526146
2022-02-25 19:31:31.123800,Keeex__,48217363,646,False,1206660807691526146
2022-02-25 19:31:37.350253,QoSBaszler,46966542,193025,True,1206660807691526146
2022-02-25 19:31:43.576810,bryanalvarez,46787146,152198,True,1206660807691526146
2022-02-25 19:31:49.816427,anarfi_fp,46237156,1249,False,1206660807691526146
2022-02-25 19:31:56.035717,Krystina_Death,45826279,5823,False,1206660807691526146
2022-02-25 19:32:02.261482,ToBeMiro,45675029,800539,True,1206660807691526146
2022-02-25 19:32:08.482917,GuilleCummings,45169658,2132,False,1206660807691526146
2022-02-25 19:32:14.695465,IAmJericho,44527648,3601889,True,1206660807691526146
2022-02-25 19:32:20.928089,iamMimiChelles,43776861,1893,False,1206660807691526146
2022-02-25 19:32:27.180597,MATTHARDYBRAND,43298203,1499840,True,1206660807691526146
2022-02-25 19:32:33.417051,Sahara_007,42742827,6207,False,1206660807691526146
2022-02-25 19:32:39.664571,SimonMiller316,42419638,113144,False,1206660807691526146
2022-02-25 19:32:45.902627,TheYumaster,41807106,604,False,1206660807691526146
2022-02-25 19:32:52.193642,AustinCreedWins,41284429,813964,True,1206660807691526146
2022-02-25 19:32:58.408955,PAvalon,40978943,35626,True,1206660807691526146
2022-02-25 19:33:04.620648,garrettkidney,40954311,5596,False,1206660807691526146
2022-02-25 19:33:10.852614,NWALegends,40781189,12288,False,1206660807691526146
2022-02-25 19:33:17.077516,rudytheref,40317006,11271,True,1206660807691526146
2022-02-25 19:33:23.316020,orangecassidy,39108703,195411,True,1206660807691526146
2022-02-25 19:33:29.543327,illfam79,39064688,1341,False,1206660807691526146
2022-02-25 19:33:35.758380,ColtCabana,38973010,266251,True,1206660807691526146
2022-02-25 19:33:42.015785,TherealAbyss,38504010,235963,True,1206660807691526146
2022-02-25 19:33:48.251022,dabryceisright,37707859,31134,True,1206660807691526146
2022-02-25 19:33:54.478228,StarWarsTiffany,37503584,9068,False,1206660807691526146
2022-02-25 19:34:00.692840,brydertna,36839785,25155,False,1206660807691526146
2022-02-25 19:34:06.939397,IMPACTWRESTLING,35338217,619399,True,1206660807691526146
2022-02-25 19:34:13.158792,EvilUno,34638869,113477,True,1206660807691526146
2022-02-25 19:34:19.390863,MonicaHluv,34092512,1384,False,1206660807691526146
2022-02-25 19:34:25.585513,youngbucks,33055971,410075,True,1206660807691526146
2022-02-25 19:34:31.817272,JDeanWilliams,32788326,28855,True,1206660807691526146
2022-02-25 19:34:38.064082,TherealRVD,32729193,1058933,True,1206660807691526146
2022-02-25 19:34:44.294359,BranCutler,32483458,52831,True,1206660807691526146
2022-02-25 19:34:50.514837,ShawnSpears,32324577,200580,True,1206660807691526146
2022-02-25 19:34:56.742487,adampacitti,31864360,132688,True,1206660807691526146
2022-02-25 19:35:02.975343,iamjohnpollock,31462981,21727,True,1206660807691526146
2022-02-25 19:35:09.180487,queen___pr,31307138,2663,False,1206660807691526146
2022-02-25 19:35:15.440081,fightbobby,31133860,218295,True,1206660807691526146
2022-02-25 19:35:21.680559,AllieWrestling,30243284,175901,True,1206660807691526146
2022-02-25 19:35:27.899709,paulaamarieee,29825129,1807,False,1206660807691526146
2022-02-25 19:35:34.128099,MzFrancesFX,29585778,4382,False,1206660807691526146
2022-02-25 19:35:40.380409,JonAlba,29063026,11612,True,1206660807691526146
2022-02-25 19:35:46.624820,TheMattCardona,28301551,2186315,True,1206660807691526146
2022-02-25 19:35:52.860023,ShaneHelmsCom,27740155,471043,True,1206660807691526146
2022-02-25 19:35:59.109664,Kazeem,27528134,73607,True,1206660807691526146
2022-02-25 19:36:05.320997,SeanRossSapp,27513328,149338,True,1206660807691526146
2022-02-25 19:36:11.534876,ScorpioSky,27437357,76486,True,1206660807691526146
2022-02-25 19:36:17.761857,DionSekone,27390154,1618,True,1206660807691526146
2022-02-25 19:36:23.979289,cherdelaware,27350909,10750,False,1206660807691526146
2022-02-25 19:36:30.205132,courtbauer,27135068,31688,True,1206660807691526146
2022-02-25 19:36:36.421258,ThatRoseTattoo,27080548,4965,False,1206660807691526146
2022-02-25 19:36:42.637794,vanessa_dealba,26934483,3416,False,1206660807691526146
2022-02-25 19:36:48.874644,John_Mongiello,26684522,512,False,1206660807691526146
2022-02-25 19:36:55.082060,YungLittlefoot,25922356,7025,False,1206660807691526146
2022-02-25 19:37:01.322924,EBischoff,25845428,277979,True,1206660807691526146
2022-02-25 19:37:07.570880,Oasis3457,25242456,976,False,1206660807691526146
2022-02-25 19:37:13.843609,KingTre2ThaD,25075429,1170,False,1206660807691526146
2022-02-25 19:37:20.088272,AAWPro,24958827,57812,True,1206660807691526146
2022-02-25 19:37:26.290987,robwilkins,24763626,1908,False,1206660807691526146
2022-02-25 19:37:32.520673,roheblius,24195610,2963,False,1206660807691526146
2022-02-25 19:37:38.766044,TheKillerQueen,23799401,1023,False,1206660807691526146
2022-02-25 19:37:44.994191,JeffreyBJones,23684881,3926,True,1206660807691526146
2022-02-25 19:37:51.220642,xeniadidthat,23456870,12501,False,1206660807691526146
2022-02-25 19:37:57.453746,Y2jimbob,23432038,6997,False,1206660807691526146
2022-02-25 19:38:03.690592,smileeBWR,23164247,7156,False,1206660807691526146
2022-02-25 19:38:09.927153,EarlWGardner,23146144,4055,False,1206660807691526146
2022-02-25 19:38:16.241367,WWEsBiggestFan,22840973,7296,False,1206660807691526146
2022-02-25 19:38:22.473464,OneHourTees,22781679,98729,True,1206660807691526146
2022-02-25 19:38:28.714211,KateCarnage,22591765,1205,False,1206660807691526146
2022-02-25 19:38:34.934078,KrisZellner,22544456,5812,False,1206660807691526146
2022-02-25 19:38:41.148164,JoeBaia,22484816,1638,False,1206660807691526146
2022-02-25 19:38:47.386354,DakotaKai_WWE,22434757,244997,True,1206660807691526146
2022-02-25 19:38:53.587869,bradweimer,22237194,1450,False,1206660807691526146
2022-02-25 19:38:59.822687,nodqdotcom,21817608,186759,True,1206660807691526146
2022-02-25 19:39:06.033927,jessithebuckeye,21752467,42560,False,1206660807691526146
2022-02-25 19:39:12.266177,femwreschannel,21592923,3744,False,1206660807691526146
2022-02-25 19:39:18.479000,davidbix,21049677,28514,True,1206660807691526146
2022-02-25 19:39:24.684163,mookieghana,20708363,12621,False,1206660807691526146
2022-02-25 19:39:30.899558,GIMICKS247,20536040,5327,False,1206660807691526146
2022-02-25 19:39:37.141586,MightyVin,19865258,2012,False,1206660807691526146
2022-02-25 19:39:43.377024,x_jaeTrilla,19738837,1002,False,1206660807691526146
2022-02-25 19:39:49.589648,Tarratastic,19473053,2803,False,1206660807691526146
2022-02-25 19:39:55.796418,JulesSenesac,19205644,2659,False,1206660807691526146
2022-02-25 19:40:02.013135,sr_torch,19045138,4333,False,1206660807691526146
2022-02-25 19:40:08.351634,Beezzzzy,19045110,3914,False,1206660807691526146
2022-02-25 19:40:14.601992,JeffJSays,18564980,15442,True,1206660807691526146
2022-02-25 19:40:20.838452,JoeyCashMusic,18419307,2524,False,1206660807691526146
2022-02-25 19:40:27.073958,makeitloud,18140708,6912,True,1206660807691526146
2022-02-25 19:40:33.317067,SugarDunkerton,18139356,25870,False,1206660807691526146
2022-02-25 19:40:39.537831,CeeHawk,18065236,14414,False,1206660807691526146
2022-02-25 19:40:45.758530,rustymk2,17924258,11971,False,1206660807691526146
2022-02-25 19:40:51.980942,BellaTwins,17733320,3590295,True,1206660807691526146
2022-02-25 19:40:58.215779,sarahbane666,17293041,9114,False,1206660807691526146
2022-02-25 19:41:04.431910,AndreasHale,17137062,29633,True,1206660807691526146
2022-02-25 19:41:10.673671,emiliosparks,16961384,12577,True,1206660807691526146
2022-02-25 19:41:16.896176,chillhartman,16575475,7448,True,1206660807691526146
2022-02-25 19:41:23.117445,OGJOHNNY5,16551657,7819,True,1206660807691526146
2022-02-25 19:41:29.347252,Girl_GoneMild,16121244,1856,False,1206660807691526146
2022-02-25 19:41:35.547389,MarkBDonica,15329577,3716,True,1206660807691526146
2022-02-25 19:41:41.802446,WWEUniverse,15290441,5633908,True,1206660807691526146
2022-02-25 19:41:48.026558,JoeyKaosMunoz,15020402,2906,False,1206660807691526146
2022-02-25 19:41:54.266711,MegaRan,14819432,75913,True,1206660807691526146
2022-02-25 19:42:00.491845,AndyNemmity,14115051,13913,False,1206660807691526146
2022-02-25 19:42:06.702434,HeyImKevinSully,14070570,2157,False,1206660807691526146
2022-02-25 19:42:12.916519,JasonAyersWWE,12609112,82823,True,1206660807691526146
2022-02-25 19:42:19.161605,khal,12230022,10896,True,1206660807691526146
2022-02-25 19:42:25.394673,cindyronzoni,10691812,3186,False,1206660807691526146
2022-02-25 19:42:31.602072,Rosenbergradio,8318902,354770,True,1206660807691526146
2022-02-25 19:42:37.808099,WWE,7517222,11932942,True,1206660807691526146
2022-02-25 19:42:44.032582,FBALL_Andrea,6327512,9021,True,1206660807691526146
2022-02-25 19:42:50.264381,stellakae,659033,26383,True,1206660807691526146
